Segment,country_count,total_revenue,avg_revenue
Top 25% - wysoki przychod,11,17234454.348,1566768.5770909092
Srodkowe 50% - sredni przychod,19,437455.67,23023.982631578947
Dolne 25% - niski przychod,11,13532.619999999999,1230.2381818181818
